prob,dim,npts,nout,error,minimum,feval,niter,convergence,minimum_PT,maximum_PT,mean_PT,median_PT,memory,alloc
trig_10.0_10.0_7.5_850_196.csv,3,850,196,11.314962490818095,19740.97682853055,167.0,87,true,0.058023813,0.070695223,0.060870336325301214,0.058819741,15704128,142883
trig_10.0_1.5_7.5_550_66.csv,3,550,66,332.46042294232103,186.52957456376112,1718.0,1000,false,0.265486418,0.278402525,0.27193466642105263,0.270851029,105518576,952714
trig_10.0_3.0_4.5_950_162.csv,3,950,162,2.849265527515854e-6,1.3925764540096484e-8,224.0,120,true,0.084967891,0.098417822,0.08938405287719299,0.086879236,23627824,213990
trig_10.0_3.0_6.0_450_108.csv,3,450,108,7.2649942950420154e-6,4.881252924981714e-9,248.0,136,true,0.028117885000000002,0.041397985000000005,0.030300663230303032,0.028618273000000003,12381776,112904
trig_10.0_3.5_1.0_350_25.csv,3,350,25,2.1635842606393396e-6,1.8057784893326144e-9,222.0,119,true,0.015806610000000002,0.027088093,0.01723726932413793,0.016039732,8741168,78896
trig_10.0_4.0_3.5_900_144.csv,3,900,144,7.144240736855425,20170.63550568525,233.0,120,true,0.09189407000000001,0.10585122400000001,0.09576192994339623,0.092748569,23312128,210943
trig_10.0_4.5_5.0_100_11.csv,3,100,11,7.334374151641267,3440.8462291053397,194.0,102,true,0.0019428610000000002,0.012461728,0.0023873312420000002,0.002018787,2210432,20443
trig_10.0_4.5_5.5_450_112.csv,3,450,112,7.052585415324126,8522.156872726016,229.0,122,true,0.024241436,0.036290971000000005,0.026091269114583333,0.024554598,11434336,104251
trig_10.0_4.5_7.5_550_33.csv,3,550,33,13.938312095834316,22572.01928441236,192.0,100,true,0.029001878000000002,0.040606163,0.03105914995031056,0.029624245,11849440,106651
trig_10.0_5.0_2.5_650_65.csv,3,650,65,5.179641288986568,18395.625490756272,216.0,114,true,0.044509775,0.056875827000000004,0.04735550806603774,0.045317393000000004,15707296,141559
trig_10.0_5.0_5.0_250_42.csv,3,250,42,17.09686036947062,4466.924206439701,300.0,167,true,0.014338415,0.026584649000000002,0.015880897593650793,0.014635563,8415856,76552
trig_10.0_7.0_1.0_800_152.csv,3,800,152,7.76461341009898,21202.24791480929,192.0,99,true,0.06266321100000001,0.07536867500000001,0.06569394058441559,0.06349866,17033840,154634
trig_10.0_7.5_9.0_100_8.csv,3,100,8,8.920149750188504,3847.9902723234554,288.0,166,true,0.002597737,0.01435434,0.003231480229,0.0026788315,3279120,30312
trig_10.0_7.5_9.0_650_84.csv,3,650,84,13.694932102262788,19968.483068188838,219.0,119,true,0.047533578,0.06050039,0.05048339297,0.048587697500000006,15882448,143524
trig_10.0_9.5_3.5_700_126.csv,3,700,126,5.167331696378826,18114.4748729061,227.0,122,true,0.06441793500000001,0.07706317700000001,0.06759049998648649,0.06548573,17655472,160116
trig_10.0_9.5_7.0_300_51.csv,3,300,51,8.511501503839362,5886.037258409629,183.0,99,true,0.010389619000000001,0.022250626000000003,0.011378190722727274,0.010531946,6151872,55905
trig_1.0_1.0_1.0_100_11.csv,3,100,11,2.883104889518016,23.9465506020153,158.0,82,true,0.0014855710000000002,0.012106171,0.001833860853,0.001536426,1800848,16678
trig_1.0_1.0_7.5_400_80.csv,3,400,80,0.9704777812325014,0.4101507203527385,148.0,74,true,0.013070325,0.024526939,0.014185220130311614,0.013310648000000001,6588592,60042
trig_1.0_1.0_8.0_400_72.csv,3,400,72,25.0997115938021,7.265940825597082,1721.0,1000,false,0.16256542300000001,0.17621304000000002,0.17265310679310347,0.172734974,76625584,696222
trig_1.0_4.5_5.5_800_152.csv,3,800,152,9.506807327697711,19.41226920466885,241.0,128,true,0.07184280900000001,0.08519033000000001,0.07545842101492538,0.073006049,21379936,194049
trig_1.0_7.0_3.5_800_144.csv,3,800,144,3.7716751915277906,225.37428970599248,176.0,94,true,0.062746038,0.075959077,0.0656034374935065,0.063598123,15627456,141785
trig_1.0_7.5_6.5_550_104.csv,3,550,104,5.020479371540009,138.3072238283798,192.0,102,true,0.033831803,0.045691215,0.035700971851063835,0.03420059,11738800,106648
trig_1.0_8.0_6.5_350_74.csv,3,350,74,27.788970392867565,83.28190989944073,1719.0,1000,false,0.13669397,0.149839936,0.14661060494285716,0.148135644,66964352,609467
trig_1.0_8.5_4.5_500_30.csv,3,500,30,5.68393899929636,176.1422392993873,187.0,96,true,0.024902121000000003,0.03751562,0.0265430578941799,0.025196060000000003,10500528,94516
trig_1.5_10.0_6.0_150_22.csv,3,150,22,9.565521243147053,101.77431732489079,215.0,118,true,0.003957244,0.014672125000000001,0.00467868722,0.00408472,3655200,33375
trig_1.5_1.0_10.0_450_108.csv,3,450,108,1.932503286315823,4.956775003711147,190.0,102,true,0.021832987,0.034112652,0.023520639915492962,0.02224315,9487472,86522
trig_1.5_2.0_1.5_200_22.csv,3,200,22,1.4320772017129002e-6,5.019490673700544e-10,178.0,94,true,0.005502309,0.017807501,0.0062878467257861635,0.005633574000000001,4045312,36579
trig_1.5_2.0_6.5_500_110.csv,3,500,110,4.626527062345787e-6,2.990688830180042e-9,195.0,102,true,0.024736157,0.037020714,0.026495289539682543,0.025075076,10824560,98552
trig_1.5_3.0_6.5_1000_80.csv,3,1000,80,6.852901308488795,427.90520181017075,252.0,137,true,0.111332386,0.126511823,0.11552090886363636,0.1122000355,28144816,253318
trig_1.5_3.0_7.5_200_30.csv,3,200,30,4.818667736389521,42.933491620129224,182.0,95,true,0.006120248,0.017504217000000002,0.00694226976388889,0.006289108000000001,4109840,37398
trig_1.5_3.5_6.0_250_40.csv,3,250,40,133.08267567253804,37.726439604140666,1702.0,1000,false,0.069946068,0.088470435,0.07801186836923077,0.08209529600000001,47703712,433303
trig_1.5_4.0_9.0_950_209.csv,3,950,209,5.635354073611335,470.9313341333455,211.0,110,true,0.08872287300000001,0.101642802,0.09235559236363637,0.089980813,22178672,201588
trig_1.5_5.0_7.5_650_130.csv,3,650,130,4.068283999278862,371.3628038265271,178.0,93,true,0.042665402000000005,0.055121403000000006,0.04506230057657658,0.043358085000000005,12842640,116670
trig_1.5_5.5_5.5_150_20.csv,3,150,20,3.709036194731215,65.94215262570273,156.0,83,true,0.002820134,0.013409533000000001,0.0033469096780000002,0.0029247450000000003,2654320,24274
trig_1.5_5.5_7.5_200_16.csv,3,200,16,38.933675185512065,178.23938719477516,1700.0,1000,false,0.049339829,0.06540024,0.05644582350561798,0.052763483,38562976,347747
trig_1.5_6.5_6.5_200_48.csv,3,200,48,4.408545801294348,81.06286125883604,205.0,111,true,0.00722138,0.019408727,0.008143753465798046,0.0074298645,4602096,42112
trig_1.5_8.0_8.0_700_49.csv,3,700,49,36.078538918334324,677.6657262835347,1706.0,1000,false,0.435938849,0.454729975,0.4469706360833333,0.44933385400000003,133716240,1201962
trig_1.5_9.0_1.5_500_30.csv,3,500,30,5.411313768569108,471.5091827735986,166.0,86,true,0.025337901000000003,0.036384236,0.026883335897849466,0.025700611,9321408,83917
trig_1.5_9.0_3.0_400_20.csv,3,400,20,6.317258203465512,387.2942092418028,176.0,92,true,0.01805454,0.029411032,0.019327416803088804,0.018290767,7921520,71354
trig_1.5_9.0_5.5_750_112.csv,3,750,112,4.209822015673986,480.1916871934912,192.0,103,true,0.055864114000000006,0.069218676,0.058651172406976745,0.0565722425,16027408,145054
trig_1.5_9.0_7.0_800_168.csv,3,800,168,13.463733886810395,482.25299392233643,1731.0,1000,false,0.6473340230000001,0.660639351,0.65581546775,0.6571519535,153292496,1392704
trig_2.0_1.0_5.0_200_26.csv,3,200,26,2.5603603680067053,321.34570315909696,158.0,83,true,0.004536623,0.015550290000000001,0.005232880283769634,0.004670932,3567904,32477
trig_2.0_1.0_5.5_900_207.csv,3,900,207,3.082814806987244e-6,6.442988810795745e-10,230.0,128,true,0.0775579,0.09121377,0.08131628780645163,0.078355112,22891344,208204
trig_2.0_2.0_4.0_450_63.csv,3,450,63,4.232145184968061e-6,1.8776053134875634e-10,177.0,93,true,0.018181084,0.030766454000000002,0.01951213964980545,0.018348602000000002,8906864,80618
trig_2.0_3.0_4.5_750_135.csv,3,750,135,2.4666768307923803e-6,9.790631878085418e-10,173.0,90,true,0.042542257,0.05577565,0.04506668954054054,0.04323483,14407712,130693
trig_2.0_4.5_9.0_1000_100.csv,3,1000,100,3.211147245730274,961.5841896241949,194.0,105,true,0.087411535,0.10193208000000001,0.0910361348909091,0.088483222,21644016,195062
trig_2.0_5.0_2.0_150_26.csv,3,150,26,2.084862255733074,169.67535731103484,160.0,82,true,0.0031685560000000003,0.014439391000000001,0.003712961693,0.0032826565000000003,2710144,24885
trig_2.0_5.0_8.0_200_44.csv,3,200,44,5.418431766823283,194.02863592549505,437.0,246,true,0.012558201000000001,0.025992289000000002,0.014450054699421965,0.012995982000000001,9801984,89579
trig_2.0_5.0_9.5_600_78.csv,3,600,78,8.948700625368886,535.3641687741131,205.0,108,true,0.041267396000000005,0.053521955,0.043404460206896554,0.041587763,13727872,124109
trig_2.0_7.0_4.5_600_30.csv,3,600,30,5.5863516393262955,1017.9146471021076,151.0,80,true,0.028414196000000003,0.040054756000000004,0.030170770048192772,0.028861256000000002,10170272,91455
trig_2.0_8.0_2.5_400_40.csv,3,400,40,5.291220127520937,587.4607108834394,160.0,84,true,0.017232994,0.028118901,0.018407150272058824,0.017495233000000002,7171552,64897
trig_2.0_8.5_10.0_150_20.csv,3,150,20,11.06874747119879,208.1221648952901,239.0,124,true,0.005510631,0.017374053,0.006352927311308768,0.0057289490000000005,4067312,37118
trig_2.5_1.0_8.5_900_117.csv,3,900,117,3.227094705134439,2201.306668406736,190.0,99,true,0.064977755,0.07810198700000001,0.06796586091891893,0.0655277425,19046416,172042
trig_2.5_1.5_3.5_400_40.csv,3,400,40,8.34008168082434e-6,3.753116437427915e-9,246.0,136,true,0.020503849,0.033672095,0.022256551555555556,0.02085127,11022176,99677
trig_2.5_2.0_4.0_900_225.csv,3,900,225,5.725197143036098e-7,4.4030212921158246e-10,171.0,92,true,0.060695119000000006,0.07464535900000001,0.06377926670886076,0.061626201000000005,16999536,154860
trig_2.5_2.0_6.0_700_56.csv,3,700,56,4.5840206248648485e-6,5.896468595648938e-9,191.0,103,true,0.041122239000000005,0.053761885,0.0435178768,0.041757461,14965168,134748
trig_2.5_3.0_9.5_300_51.csv,3,300,51,3.6795101462832,407.64303100783866,216.0,118,true,0.013541397,0.024469585000000002,0.014737850785294118,0.0138089995,7260784,65956
trig_2.5_4.5_6.5_600_36.csv,3,600,36,4.092483933478192,948.1503365847792,190.0,103,true,0.033581265,0.046783758,0.035567604680851066,0.034000872,12783104,115039
trig_2.5_5.0_10.0_600_150.csv,3,600,150,7.1742897199361515,648.881611254179,238.0,125,true,0.048374742000000005,0.059792758,0.05090196447474747,0.048949683,15802016,144075
trig_2.5_5.0_2.0_250_18.csv,3,250,18,2.742684979555566,522.6737005934945,171.0,93,true,0.006946282000000001,0.019331345,0.007777657325038881,0.007077628000000001,4838112,43716
trig_2.5_6.0_5.5_250_38.csv,3,250,38,2.546117106077051,446.92365770188314,169.0,87,true,0.00787197,0.019599382000000002,0.008697621288695653,0.008012317,4745312,43196
trig_2.5_7.5_1.0_600_78.csv,3,600,78,4.296471686476598,237.40822926391084,204.0,111,true,0.037704439,0.049049089000000004,0.039728161515873016,0.037997923,13659088,123496
trig_2.5_8.5_3.0_600_138.csv,3,600,138,3.7242895558407225,431.7763599174473,228.0,123,true,0.044060942000000006,0.055509134,0.04640031580555556,0.044594995500000005,15148224,137991
trig_2.5_9.0_1.0_150_11.csv,3,150,11,4.7281375261423735,337.11252437754,179.0,96,true,0.0037547830000000003,0.014571375000000001,0.004364330996000001,0.0039073630000000005,3060064,27846
trig_2.5_9.0_9.0_850_102.csv,3,850,102,68.46046208768058,1680.2560614001115,1706.0,1000,false,0.573993889,0.5803222170000001,0.5771503542222223,0.577090126,161669008,1457912
trig_3.0_10.0_5.5_300_60.csv,3,300,60,6.670310555466075,674.11257831005,224.0,119,true,0.016832837,0.028906935,0.018106121592057763,0.017049229000000003,7497888,68385
trig_3.0_1.0_2.5_600_84.csv,3,600,84,3.222062495034095e-5,7.040647205371277e-9,200.0,111,true,0.033729954,0.046220445000000006,0.03584215773571429,0.0341982215,13378800,121090
trig_3.0_1.5_8.0_850_170.csv,3,850,170,5.383834389053801,294.3081651157472,200.0,105,true,0.066501631,0.079649837,0.06956247641666667,0.0673483285,18844032,171067
trig_3.0_2.5_1.0_700_105.csv,3,700,105,2.4823593578471304e-6,5.583894105425596e-9,185.0,99,true,0.04268603,0.055068683,0.04519901328828829,0.043404071,14424112,130512
trig_3.0_3.5_3.0_1000_50.csv,3,1000,50,2.4923272454735468e-6,3.7206378800916878e-9,203.0,110,true,0.08033888700000001,0.093667632,0.0840501393,0.0815632025,22725680,204100
trig_3.0_3.5_5.0_500_65.csv,3,500,65,1.8702070972568818,1493.8952078058737,163.0,83,true,0.022560047,0.033833967,0.02388914331904762,0.022772662000000003,9112480,82419
trig_3.0_3.5_7.0_900_126.csv,3,900,126,240.84584850911443,563.1064108849758,1703.0,1000,false,0.630957741,0.640987607,0.6356474426250001,0.635504987,170537936,1540474
trig_3.0_3.5_7.0_900_99.csv,3,900,99,2.2168040775845417,2971.1337184058757,187.0,102,true,0.070423045,0.08306690700000001,0.07352554402941176,0.07123522850000001,18781808,169334
trig_3.0_4.5_3.0_150_14.csv,3,150,14,2.3228892416395244,528.6609645133085,149.0,74,true,0.0028879820000000003,0.01354435,0.003371618341,0.0029850465,2536352,23189
trig_3.0_5.5_4.0_850_144.csv,3,850,144,40.321164108355475,143.24547481402342,346.0,194,true,0.110607224,0.126825858,0.1158436398409091,0.1125340145,32683744,295841
trig_3.0_6.5_7.5_550_44.csv,3,550,44,30.889756520550186,749.2841647671204,295.0,166,true,0.044563317000000005,0.057066482,0.047346798198113216,0.045191544,18183040,163781
trig_3.0_6.5_8.0_100_15.csv,3,100,15,4.366652674045962,182.81482984745722,208.0,111,true,0.002267196,0.012770049,0.002713927547,0.0023562070000000004,2369440,21911
trig_3.0_7.5_4.5_650_143.csv,3,650,143,7.4817520859466375,1368.065375092193,162.0,87,true,0.032722661,0.04439875,0.0345729244137931,0.033114044,11677728,106197
trig_3.0_7.5_9.0_750_112.csv,3,750,112,6.521781526292832,2187.918699518712,223.0,125,true,0.065587265,0.078637961,0.06875749919178083,0.066694982,18614128,168464
trig_3.0_8.0_7.5_100_24.csv,3,100,24,5.269951103586989,170.4491352650135,217.0,119,true,0.0024390130000000003,0.013194312000000001,0.002905909988,0.0025327695,2454304,22855
trig_3.0_8.0_8.0_950_162.csv,3,950,162,6.759250326038037,2639.383139058359,191.0,98,true,0.08138402800000001,0.092590767,0.08462838841666667,0.08233745,20149664,182485
trig_3.0_9.0_5.0_450_54.csv,3,450,54,6.832357953460394,1447.3597722863042,186.0,96,true,0.023019278,0.034602933,0.02450521042647059,0.023356976,9372976,84706
trig_3.0_9.5_2.5_650_52.csv,3,650,52,6.79772651200966,2324.219615520723,162.0,86,true,0.034421209,0.045062700000000004,0.03629058116666667,0.034848125,11792080,106216
trig_3.5_10.0_2.0_350_56.csv,3,350,56,9.287896475114563,1305.9003439289445,227.0,120,true,0.018721659,0.030049827,0.02011478630120482,0.019019047,8880976,80638
trig_3.5_3.5_4.0_100_10.csv,3,100,10,2.7773431045449275,475.2404330667949,155.0,82,true,0.0015018120000000002,0.011879540000000001,0.00183802799,0.0015713980000000001,1767920,16381
trig_3.5_4.0_4.5_150_21.csv,3,150,21,3.5000064315883845,595.1114975163961,185.0,98,true,0.0037811370000000004,0.014777046,0.004403956976,0.003936793500000001,3148192,28759
trig_3.5_5.0_2.5_150_34.csv,3,150,34,2.1847904786604366,400.50328400001337,165.0,86,true,0.003529953,0.013991694,0.004090323044000001,0.003674417,2780624,25664
trig_3.5_5.0_3.5_850_102.csv,3,850,102,2.966656896521541,3559.5315593726896,175.0,90,true,0.05935337500000001,0.071640996,0.0621076625308642,0.059985071,16591296,149717
trig_3.5_5.5_2.0_850_162.csv,3,850,162,2.9328904603604165,2356.9616482580245,197.0,106,true,0.072832596,0.085832958,0.07607102148484848,0.07404772500000001,18574448,168526
trig_3.5_7.0_2.5_900_207.csv,3,900,207,4.251577572228126,2458.8228856595583,167.0,85,true,0.069789844,0.082568895,0.07246867624637682,0.070445783,16624992,151231
trig_3.5_9.0_9.5_850_60.csv,3,850,60,7.217959339515772,4117.527655506652,179.0,93,true,0.06401991700000001,0.076947579,0.06691999005333334,0.064855832,17027616,153135
trig_3.5_9.5_2.0_750_180.csv,3,750,180,4.989838392834222,1809.959873463491,202.0,107,true,0.064346041,0.07755444,0.06727736412,0.06534198100000001,16759280,152606
trig_4.0_1.5_7.5_650_72.csv,3,650,72,6.008064116601934,2782.611560269701,194.0,102,true,0.039592815,0.051513637,0.04186851045000001,0.0401548695,14095920,127160
trig_4.0_4.0_4.0_200_26.csv,3,200,26,28.649707259941422,322.22101745304496,259.0,138,true,0.008012013,0.019360210000000003,0.009091693365454546,0.008237306500000001,5845056,53141
trig_4.0_4.5_6.5_650_150.csv,3,650,150,39.7186407843587,195.751870021014,358.0,199,true,0.07657546200000001,0.089729158,0.08046820928571428,0.07757363,25774816,234489
trig_4.0_5.0_6.5_500_65.csv,3,500,65,4.2499456148639885,2566.7457169055465,212.0,119,true,0.031196808000000003,0.044064652,0.03295699380921053,0.031490929,11848432,107156
trig_4.0_7.0_9.5_600_114.csv,3,600,114,7.504803680773989,2522.4465316561573,232.0,125,true,0.046867505000000004,0.058817384,0.04929062104901961,0.047379762500000006,15460528,140434
trig_4.0_7.5_2.0_350_38.csv,3,350,38,4.977759104640171,1691.6223335773484,218.0,117,true,0.018387741000000003,0.029572058000000002,0.019783627740157482,0.0187095175,8556720,77474
trig_4.0_8.5_10.0_900_117.csv,3,900,117,5.6380736491354435,4336.320316161495,198.0,109,true,0.076291068,0.087634767,0.07950031526984128,0.07717552300000001,19847168,179279
trig_4.0_9.0_5.0_800_144.csv,3,800,144,6.416417599607849,3642.429414334338,184.0,96,true,0.062323799000000006,0.075057306,0.065025405987013,0.062982916,16337088,148201
trig_4.0_9.5_6.5_550_33.csv,3,550,33,8.895440341179937,3514.7484786405544,234.0,128,true,0.039037531,0.051020735000000005,0.04126201912295083,0.039547966500000004,14439776,129947
trig_4.5_10.0_2.0_900_54.csv,3,900,54,6.629528683813212,7888.604450503625,184.0,99,true,0.067775051,0.08042858800000001,0.07054690387323945,0.068240441,18538512,166612
trig_4.5_1.0_9.5_700_56.csv,3,700,56,7.017686413059815,1520.6902055824517,319.0,166,true,0.07049066200000001,0.082076141,0.07381586401470588,0.070847014,24991696,224924
trig_4.5_2.0_1.0_750_158.csv,3,750,158,3.8286368155837636e-6,1.348962629915698e-8,192.0,106,true,0.048458623000000006,0.060824430000000006,0.051157796500000005,0.04926818,15952960,145063
trig_4.5_2.0_3.0_300_30.csv,3,300,30,1.075151668761265e-5,2.5249344306011607e-8,184.0,99,true,0.009896754,0.022133338000000002,0.010852853145336227,0.010071143000000001,6208992,56209
trig_4.5_2.5_4.5_700_175.csv,3,700,175,1.3503328641917278e-6,1.032076378055397e-9,209.0,113,true,0.050257621,0.063450456,0.05292701475789474,0.050865099000000004,16174272,147437
trig_4.5_4.0_1.5_850_212.csv,3,850,212,4.05975273745106,3571.017634318267,161.0,85,true,0.055820245000000004,0.06784464300000001,0.058427923558139534,0.056516304,15119552,137755
trig_4.5_4.0_2.5_500_100.csv,3,500,100,7.164263380636809,2315.7540005273554,241.0,129,true,0.035794303,0.04768559,0.03775328369924812,0.036111355000000005,13391552,121773
trig_4.5_4.0_5.5_850_60.csv,3,850,60,5.270788250300029e-7,4.864345437423523e-10,205.0,107,true,0.062857061,0.07493988,0.06565952277922078,0.063327717,19499904,175365
trig_4.5_4.5_5.5_200_32.csv,3,200,32,3.5392064499719345,1180.4658935655084,168.0,92,true,0.004962485,0.017522594000000002,0.0056445688769751695,0.005088403500000001,3793328,34526
trig_4.5_4.5_6.5_650_32.csv,3,650,32,6.7529275072210195,4239.482253453179,195.0,103,true,0.040919259,0.053199473000000004,0.04315600499137932,0.041469258,14229936,127806
trig_4.5_5.0_3.5_300_15.csv,3,300,15,2.7297364204971153,2118.4916892830415,189.0,100,true,0.010262984000000001,0.022180476,0.011259612806306307,0.010451054000000001,6401568,57723
trig_4.5_5.5_9.0_500_100.csv,3,500,100,125.65003679480242,2570.0907624117417,1724.0,1000,false,0.24315672700000002,0.261784934,0.2487573292857143,0.24675228500000002,95736944,869836
trig_4.5_7.0_9.5_550_138.csv,3,550,138,9.16544911746886,2367.4918233041967,185.0,98,true,0.032700522,0.045240543,0.03449138029655173,0.033083671,11264640,102767
trig_4.5_8.0_10.0_950_228.csv,3,950,228,4.815955255092317,4391.958173771559,238.0,130,true,0.10107827600000001,0.11420799000000001,0.10515127164583334,0.10225904050000001,24982400,227363
trig_4.5_8.5_9.0_750_158.csv,3,750,158,5.986909908987935,3400.209293759273,163.0,84,true,0.047288899,0.05948839,0.049378027813725495,0.04768295,13543872,123139
trig_4.5_9.5_5.0_600_144.csv,3,600,144,4.836828468205299,2469.959452547445,202.0,108,true,0.041192944,0.052969141000000004,0.04339235932758621,0.041680171,13408992,122293
trig_5.0_10.0_2.5_450_58.csv,3,450,58,6.645829070129896,3760.01120448627,196.0,103,true,0.025875033000000002,0.037129094,0.02733491885245902,0.026131087,9863216,89264
trig_5.0_10.0_4.5_600_30.csv,3,600,30,8.028780099704315,6956.991893219036,159.0,80,true,0.029577259,0.041303216000000004,0.03129044804375,0.0299699645,10709296,96274
trig_5.0_1.5_1.0_850_144.csv,3,850,144,2.7786791161332758e-6,2.8811662906004873e-9,176.0,90,true,0.052596824,0.065513534,0.055123234087912094,0.05294062,16628640,150557
trig_5.0_1.5_1.5_550_33.csv,3,550,33,1.5161172823852098e-6,1.2770645810153687e-8,216.0,120,true,0.029503886000000003,0.041612036000000005,0.031536386100628935,0.029897093000000003,13328944,119974
trig_5.0_1.5_2.0_100_22.csv,3,100,22,5.932705878564093e-6,1.6697449044437201e-9,176.0,92,true,0.0019134430000000001,0.012544349000000002,0.00224775402,0.001977201,1990992,18552
trig_5.0_1.5_5.0_350_88.csv,3,350,88,5.211707301278068e-6,3.5571167477330925e-9,189.0,102,true,0.013809018000000001,0.024760849,0.014871921741839763,0.013943564,7345120,67177
trig_5.0_2.0_1.5_600_138.csv,3,600,138,2.0442410786358778e-6,1.8921615863955663e-9,178.0,94,true,0.032359240000000004,0.043915609,0.03422646263265306,0.032784207,11828256,107793
trig_5.0_2.0_7.5_250_50.csv,3,250,50,2.614796538402686e-6,1.6393020954374442e-9,229.0,125,true,0.010592452,0.023733863,0.0116379569627907,0.010787276,6426048,58476
trig_5.0_3.5_3.5_400_40.csv,3,400,40,2.916008859266128e-6,5.00222484669423e-9,186.0,100,true,0.016061156,0.027732537,0.017352483446366786,0.016318949000000003,8335888,75424
trig_5.0_5.0_1.5_600_90.csv,3,600,90,3.495206405434895,4643.0321175712,217.0,113,true,0.040582765,0.053038717000000006,0.042994053393162396,0.041175768,14502192,131358
trig_5.0_5.0_4.5_250_50.csv,3,250,50,4.687280089992912,1411.2014324690022,205.0,106,true,0.009090252,0.020212992000000003,0.010004334876,0.009277823000000001,5752880,52331
trig_5.0_5.5_6.0_1000_180.csv,3,1000,180,4.334232680707644,6923.545778919187,178.0,91,true,0.080753138,0.09334078900000001,0.08394409865,0.081345821,19747280,178984
trig_5.0_6.5_10.0_700_84.csv,3,700,84,28.60846700061616,2620.180432737418,327.0,182,true,0.077922709,0.09263437100000001,0.08154374267741936,0.07843293100000001,25531552,230539
trig_5.0_6.5_8.5_750_120.csv,3,750,120,60.18940610214301,2149.9992651296857,341.0,186,true,0.092264332,0.109590745,0.09684072305769231,0.0936951235,28436592,257452
trig_5.0_7.0_10.0_350_70.csv,3,350,70,9.314269323004021,1175.0772951487193,254.0,137,true,0.021079233000000003,0.032968665,0.022676279597285073,0.021427924,9902288,90234
trig_5.0_8.0_2.0_1000_170.csv,3,1000,170,4.8549706268550405,7454.741380557035,174.0,90,true,0.080260049,0.092851284,0.08367156563333335,0.08147212350000001,19313072,174962
trig_5.0_9.0_10.0_800_168.csv,3,800,168,5.559089486505843,5106.743400268873,179.0,98,true,0.055392644000000005,0.066994833,0.057846437413793104,0.055868595,15858304,144189
trig_5.0_9.0_4.5_650_84.csv,3,650,84,7.645567647605249,4732.201236102324,166.0,90,true,0.033768613,0.047762562,0.0357613399,0.034221818,12040368,108822
trig_5.5_10.0_4.5_700_126.csv,3,700,126,4.428261572376561,2785.469335544574,220.0,117,true,0.052885919,0.065806845,0.055354986912087914,0.053202742000000004,17109328,155168
trig_5.5_1.0_4.0_250_45.csv,3,250,45,3.910391605366215e-5,1.0138192054209427e-9,257.0,138,true,0.011149203,0.022225132,0.012244828400977997,0.011351773,7209184,65560
trig_5.5_2.0_8.0_300_69.csv,3,300,69,3.464456812096728e-6,6.22356895858615e-9,196.0,106,true,0.011260218,0.022440685000000002,0.012268196558823531,0.011466153000000001,6560256,59871
trig_5.5_2.5_9.0_800_176.csv,3,800,176,3.9852181674997835,1909.8131522187036,241.0,129,true,0.072952633,0.088631052,0.07646363310606061,0.074001855,21334016,194071
trig_5.5_4.0_2.5_150_24.csv,3,150,24,38.9843784006723,450.96333719611124,271.0,145,true,0.005362194000000001,0.017298400000000002,0.006170232471604939,0.0055389625,4584800,42040
trig_5.5_4.5_10.0_800_144.csv,3,800,144,9.181060667478528,4297.961721061247,240.0,128,true,0.07696109200000001,0.090765302,0.08018864244444446,0.077454192,21307024,193270
trig_5.5_4.5_9.0_950_114.csv,3,950,114,8.725962330564139,6930.336909637347,271.0,146,true,0.11340000500000001,0.129300876,0.11784258416279071,0.114826784,28689024,258865
trig_5.5_5.0_1.5_250_38.csv,3,250,38,2.7937629076705033,2108.1722365679893,184.0,99,true,0.008491666,0.019744978,0.009304862345724908,0.0086564035,5163984,47016
trig_5.5_5.0_6.0_150_34.csv,3,150,34,6.289949382163435,993.509131599873,196.0,105,true,0.0034274720000000004,0.014283479000000002,0.003984463079,0.003523043,3303488,30459
trig_5.5_5.5_10.0_400_84.csv,3,400,84,4.729274321981333,2253.3188180340467,269.0,143,true,0.023822397000000002,0.037170884,0.025662612610256413,0.024172683,11965760,108969
trig_5.5_6.5_2.5_800_160.csv,3,800,160,4.10248188889714,2447.7678467727596,216.0,111,true,0.06584449,0.078806914,0.06845416401351352,0.066247451,19151168,173957
trig_5.5_6.5_5.5_400_40.csv,3,400,40,5.179673611590379,4211.96703098728,222.0,122,true,0.021477995,0.032584491,0.02302950607798165,0.021824629,9947408,89960
trig_5.5_7.0_1.0_350_18.csv,3,350,18,5.24084130825472,4344.669445199111,208.0,108,true,0.015732543,0.026960841000000003,0.017031566408163265,0.0160052415,8202112,73883
trig_5.5_7.0_9.0_500_45.csv,3,500,45,7.512307841050969,5665.322076068365,221.0,120,true,0.030604152000000003,0.042699161,0.03246501747402598,0.030968673500000002,12380272,111700
trig_5.5_9.5_8.0_950_142.csv,3,950,142,6.791863765498684,9262.127832508208,189.0,99,true,0.078880164,0.09203270000000001,0.08221749978688525,0.07976801700000001,19963136,180587
trig_6.0_1.5_9.0_900_171.csv,3,900,171,10.748086335835353,1288.4201727121208,212.0,114,true,0.074731381,0.08953628400000001,0.07834353754687501,0.0759410365,21168624,191946
trig_6.0_2.0_1.0_950_114.csv,3,950,114,5.03559850129065e-6,9.010065374844557e-10,203.0,109,true,0.073778115,0.087413902,0.07706515612307692,0.07459154600000001,21491216,193936
trig_6.0_3.0_1.5_250_60.csv,3,250,60,4.488180656458951e-6,2.2727187005509304e-9,236.0,128,true,0.010990572,0.022063022,0.01200928160671463,0.011188183,6579664,60248
trig_6.0_3.5_5.0_650_130.csv,3,650,130,3.2596390182604296e-6,7.914610142505045e-9,204.0,110,true,0.039495389000000006,0.051654163,0.041854302816666675,0.0400312945,14716576,133693
trig_6.0_3.5_6.5_750_90.csv,3,750,90,4.8990267416115785e-6,3.4455256893161233e-9,207.0,113,true,0.048963990000000006,0.061416611,0.051713261134020624,0.049580511,17317888,156379
trig_6.0_4.5_4.0_250_50.csv,3,250,50,2.646557406116301e-6,1.8705091651991755e-9,227.0,119,true,0.011278379000000002,0.02334094,0.012268756933823531,0.011470431500000001,6369616,57943
trig_6.0_4.5_8.5_400_72.csv,3,400,72,9.536570117241148,3039.791365222363,302.0,168,true,0.031292961,0.045657161,0.03328883854304636,0.031579667,13453840,122370
trig_6.0_5.0_5.5_500_90.csv,3,500,90,4.523537809706289,4342.005241592827,245.0,134,true,0.033012919,0.044883542000000005,0.0350465189020979,0.033365818000000005,13644192,123793
trig_6.0_5.5_7.0_950_57.csv,3,950,57,3.0905844942026435,11021.330515727192,207.0,110,true,0.081385228,0.095026724,0.08479421688135594,0.08221497200000001,22007536,197770
trig_6.0_6.5_10.0_150_12.csv,3,150,12,31.79165609094563,994.5516435208735,573.0,315,true,0.010389112,0.022437289000000003,0.011932214429594273,0.010650191,9778864,88729
trig_6.0_7.5_5.0_450_76.csv,3,450,76,6.624699405678212,4777.455742028876,172.0,89,true,0.017993175,0.029488111,0.019313339293436295,0.018270358,8635264,78351
trig_6.0_7.5_8.5_550_99.csv,3,550,99,4.243855067754094,4865.12587611662,230.0,125,true,0.040113939,0.053021976000000005,0.04229765975630252,0.040669893000000006,14074512,127732
trig_6.0_8.0_6.5_1000_140.csv,3,1000,140,14.270622148616198,10192.27290758237,1346.0,794,true,0.596494429,0.610367153,0.6063564551111112,0.608255259,149693728,1352257
trig_6.5_1.5_8.0_750_98.csv,3,750,98,7.172818614955462,10392.117994545708,218.0,114,true,0.055394397000000005,0.068039816,0.05829310238372093,0.0559584625,18226256,164670
trig_6.5_2.0_5.0_250_32.csv,3,250,32,2.1486896208955386e-6,1.6316178529493374e-9,209.0,110,true,0.008762575,0.020845308,0.009635127342967245,0.008899099,5910896,53347
trig_6.5_2.0_5.5_250_20.csv,3,250,20,5.383804973391193e-6,3.575621177203632e-9,187.0,101,true,0.007526947000000001,0.018939353000000003,0.008315005276948591,0.007640516000000001,5289952,47780
trig_6.5_3.0_10.0_950_48.csv,3,950,48,10.851950100735092,11544.099759348897,207.0,107,true,0.074746721,0.087996448,0.07803532553846154,0.07518561900000001,22021488,197760
trig_6.5_3.5_7.0_150_30.csv,3,150,30,7.880370086255084e-6,7.089758095141184e-9,212.0,119,true,0.004294279000000001,0.015175006000000001,0.004861906226,0.0043902955,3587824,32942
trig_6.5_4.0_6.5_150_21.csv,3,150,21,3.9246719402955104,2033.165276295484,550.0,310,true,0.009309719000000001,0.022084200000000002,0.010751240526881721,0.009542255000000001,9340624,85096
trig_6.5_4.0_9.0_900_135.csv,3,900,135,6.588662787399079,11648.729473564317,272.0,148,true,0.100721166,0.114544188,0.10538859825,0.10277736400000001,27229936,246224
trig_6.5_5.0_10.0_650_58.csv,3,650,58,11.179627131607745,5085.49129037149,222.0,117,true,0.045635481000000006,0.057485299000000004,0.0481965146923077,0.046111356000000006,16142192,145466
trig_6.5_6.0_1.5_450_68.csv,3,450,68,4.005436971711299,1666.5432959370203,205.0,110,true,0.024378126,0.036092386000000004,0.026043796692708333,0.024795281000000002,10301712,93352
trig_6.5_6.5_1.0_600_36.csv,3,600,36,6.048219421993224,3182.2705552812486,201.0,109,true,0.035271261000000005,0.047416524,0.037409182947761195,0.03569365,13522768,121690
trig_6.5_8.0_4.5_150_8.csv,3,150,8,5.376731836604584,2783.7394351048183,179.0,91,true,0.003923415,0.016349532,0.0044986189110000005,0.004100775,3059408,27805
trig_6.5_9.0_3.0_800_128.csv,3,800,128,5.1827970486819215,9661.002631421634,193.0,103,true,0.06561676200000001,0.08075032800000001,0.06853926006849316,0.066313919,17159936,155461
trig_6.5_9.0_6.0_900_45.csv,3,900,45,8.590465654969663,16109.767498243751,194.0,101,true,0.069820518,0.084089226,0.07283406207246378,0.07023283200000001,19557584,175628
trig_6.5_9.5_5.5_950_152.csv,3,950,152,6.84022987974351,12167.53964140385,179.0,93,true,0.074976586,0.089057521,0.07824492168750001,0.075862839,18893808,171018
trig_7.0_1.5_9.0_300_24.csv,3,300,24,1.9260865116166315e-6,9.49766224778721e-9,218.0,117,true,0.011707656,0.022767103,0.012792316757033248,0.011854118,7369728,66561
trig_7.0_2.0_5.0_500_60.csv,3,500,60,5.633863255027904e-6,6.833063770061596e-9,196.0,105,true,0.023930306000000002,0.036319455,0.025665288630769233,0.024284188,10953760,99069
trig_7.0_3.0_1.0_400_60.csv,3,400,60,1.8735571707395593e-6,1.084195255330779e-9,201.0,110,true,0.017738205,0.029600413000000003,0.019094800404580156,0.017929493,8981760,81489
trig_7.0_3.0_1.0_650_150.csv,3,650,150,4.418523595672852e-6,1.046487014993402e-8,197.0,107,true,0.042239888,0.055181017000000006,0.04466642680530974,0.042922770000000006,14187024,129136
trig_7.0_3.0_9.5_400_60.csv,3,400,60,13.603790698493796,4757.360532082931,246.0,135,true,0.021700976,0.033463052,0.023381631700934578,0.022004535000000002,10992848,99704
trig_7.0_5.5_4.5_900_63.csv,3,900,63,5.367720171376338,16171.965235989579,174.0,94,true,0.062585879,0.078529098,0.06558828185714287,0.063269591,17520256,157567
trig_7.0_5.5_8.5_300_42.csv,3,300,42,11.150221572320376,4618.214882209624,271.0,144,true,0.016104701000000003,0.02790457,0.017545696477192983,0.01640428,9124544,82687
trig_7.0_6.5_1.0_600_54.csv,3,600,54,6.602665354481815,3644.213672342625,229.0,125,true,0.042056247000000005,0.054715105,0.04447756979646018,0.042634381000000006,15376096,138611
trig_7.0_7.0_7.5_700_112.csv,3,700,112,5.581913506275853,10036.707047901424,207.0,105,true,0.052923525000000006,0.06595301,0.05534282946153847,0.053280727,16128000,146019
trig_7.0_7.0_8.5_750_45.csv,3,750,45,116.429420031608,3446.836930304804,294.0,162,true,0.075182222,0.08846309100000001,0.0790082228125,0.076268262,24705936,222012
trig_7.5_10.0_3.5_500_80.csv,3,500,80,4.643767787167366,5444.134234062456,233.0,125,true,0.034760942,0.046972313,0.03677193548529412,0.035139506,12990208,117729
trig_7.5_10.0_5.5_450_27.csv,3,450,27,7.910120626439001,11038.064077068815,176.0,93,true,0.020919659,0.032919553000000004,0.022385350089285713,0.0212468495,8903600,80178
trig_7.5_1.0_10.0_850_110.csv,3,850,110,9.851313510809206,18492.358216913526,229.0,120,true,0.066787302,0.08209796100000001,0.07111612073239437,0.068544994,21693808,195868
trig_7.5_1.5_1.5_250_38.csv,3,250,38,1.527129069112121e-5,3.059949527091441e-9,237.0,127,true,0.009696058,0.022400637,0.010707487613247864,0.009856241,6649776,60483
trig_7.5_1.5_1.5_950_48.csv,3,950,48,2.9230320892636996e-6,2.4072696391332667e-9,217.0,115,true,0.07431066600000001,0.088032781,0.0779994384923077,0.07516436,23083808,207289
trig_7.5_1.5_2.0_600_138.csv,3,600,138,5.28540872823946e-6,3.916921446717378e-9,223.0,121,true,0.038160053,0.053293606,0.040399902169354844,0.0385669825,14816224,134971
trig_7.5_2.5_4.5_950_238.csv,3,950,238,8.976444929587046e-7,6.4395061120363215e-9,268.0,145,true,0.101050469,0.116331714,0.10582032889583333,0.1029544285,28095952,255984
trig_7.5_3.0_1.5_350_18.csv,3,350,18,2.2504343180074216e-6,3.7157490426143407e-9,212.0,114,true,0.015001911000000001,0.026454664000000003,0.016290088469055376,0.015219926000000002,8360272,75336
trig_7.5_3.5_4.5_500_90.csv,3,500,90,4.523408056122946e-6,6.140385325936662e-9,216.0,117,true,0.029041758,0.041619587,0.030890634351851853,0.0293303845,12029248,109159
trig_7.5_4.0_5.5_950_66.csv,3,950,66,5.2734255220343584e-6,1.1897757142458668e-8,216.0,118,true,0.073133633,0.08890941100000001,0.07698345062121213,0.07426634650000001,22950304,206365
trig_7.5_4.5_6.0_650_111.csv,3,650,111,12.365022239407978,6875.143790367817,210.0,109,true,0.049264413,0.061749075,0.051670738402061864,0.049691537,15190480,137626
trig_7.5_4.5_7.5_350_88.csv,3,350,88,64.40375281562743,395.78514409744736,382.0,206,true,0.029701224000000002,0.042566507,0.03208145703846154,0.030234813500000002,14840592,135586
trig_7.5_5.0_7.0_700_161.csv,3,700,161,6.028575855661506,9020.098030775463,187.0,98,true,0.04515989,0.058005983000000004,0.0477102108,0.045847605,14496768,131903
trig_7.5_7.5_10.0_100_21.csv,3,100,21,6.570272533238717,1264.2355943381488,165.0,87,true,0.001575163,0.012346906000000001,0.001874609459,0.0016306970000000002,1867808,17399
trig_7.5_7.5_1.5_150_16.csv,3,150,16,5.058111778797213,2995.096548999375,177.0,94,true,0.0036665060000000004,0.014872153,0.004235125577,0.0038562845000000004,3011504,27518
trig_7.5_7.5_6.5_350_42.csv,3,350,42,6.8626223942501365,6971.409174619112,242.0,133,true,0.019859205,0.032104313,0.02141891844017094,0.020186553500000003,9496784,85978
trig_7.5_8.5_10.0_300_15.csv,3,300,15,10.599016924645063,6352.3177257074485,250.0,142,true,0.014657528000000001,0.026926475000000002,0.01597540978594249,0.014894938000000002,8465600,76315
trig_8.0_2.5_2.0_550_33.csv,3,550,33,5.7997149056632225e-6,2.017295284004374e-8,205.0,108,true,0.028698467000000002,0.040842434000000004,0.030585371432926833,0.028978259000000003,12650304,113859
trig_8.0_3.0_1.0_700_161.csv,3,700,161,1.8402928421146214e-6,1.9363627453943222e-9,233.0,130,true,0.055465628,0.071379838,0.0584517854883721,0.056092666000000006,18060720,164356
trig_8.0_4.0_1.0_200_18.csv,3,200,18,5.471278949540977,4936.068052241033,166.0,87,true,0.0046953870000000005,0.017089009000000002,0.005291355192592593,0.004800306000000001,3772048,34110
trig_8.0_4.5_1.0_400_36.csv,3,400,36,5.337305850036655,9318.632614018303,222.0,116,true,0.021041279000000003,0.032563052,0.02256130655855856,0.021270797,9964720,89992
trig_8.0_5.0_1.0_400_72.csv,3,400,72,2.7771192761721215,6462.8196532313395,201.0,106,true,0.021078152000000003,0.032957697,0.022530625063063064,0.021399986000000003,8956720,81478
trig_8.0_5.0_1.5_400_28.csv,3,400,28,111.9205036267686,352.8550794867398,328.0,181,true,0.028849779000000002,0.041363547,0.03100736113580247,0.029156635500000003,14736016,132860
trig_8.0_5.0_4.5_950_66.csv,3,950,66,6.639587041283704,24026.81256022555,173.0,88,true,0.067894352,0.081718069,0.0711529873802817,0.068844784,18383600,165304
trig_8.0_5.0_9.0_850_136.csv,3,850,136,11.059900015101961,8489.08428582872,279.0,147,true,0.09871795600000001,0.11213946100000001,0.1028833126734694,0.099746003,26376144,238608
trig_8.0_5.5_8.5_550_132.csv,3,550,132,14.678176481707728,3156.296805174982,252.0,132,true,0.042298964,0.05460832,0.04466330345535714,0.0426695725,15356032,139909
trig_8.0_7.0_8.5_250_48.csv,3,250,48,6.036837841391867,4182.1488471513085,211.0,117,true,0.009661331,0.022726488000000003,0.010599749648305085,0.009840053500000001,5921744,53903
trig_8.0_8.0_6.0_950_152.csv,3,950,152,5.333635891071464,18394.493832017968,202.0,109,true,0.084615753,0.09897565700000001,0.08791984985964912,0.08522478500000001,21320976,192996
trig_8.0_8.5_8.5_600_138.csv,3,600,138,7.5329362342689405,9182.099620394809,168.0,90,true,0.032360234,0.044991828000000005,0.03411837602040816,0.032675577000000004,11163936,101733
trig_8.5_10.0_3.5_1000_110.csv,3,1000,110,7.029871151389485,26972.851597569468,181.0,97,true,0.080612821,0.094281234,0.08404481985,0.081608654,20182384,181992
trig_8.5_1.0_5.5_950_142.csv,3,950,142,10.77588533795408,290.1588910754148,200.0,108,true,0.07660180400000001,0.090436029,0.08012167593650794,0.077720234,21122736,191086
trig_8.5_1.5_4.5_700_154.csv,3,700,154,5.63077823136474,10243.24566395403,207.0,111,true,0.047040923000000005,0.060011265,0.04968079996039604,0.047638917,16060064,146021
trig_8.5_3.0_10.0_400_56.csv,3,400,56,8.728717784123319e-6,5.434123470808675e-9,202.0,105,true,0.017593671,0.030208197000000003,0.018993022022727273,0.017829465500000002,9026192,81880
trig_8.5_4.0_1.5_200_10.csv,3,200,10,60.61410659276408,1756.931999633012,281.0,151,true,0.008095748,0.019504359000000002,0.009039664399638337,0.008254549,6382096,57635
trig_8.5_5.0_8.0_200_40.csv,3,200,40,15.817955883440348,1301.1153314525234,229.0,124,true,0.007048231,0.020147959,0.007859772688679247,0.007210267,5138800,47006
trig_8.5_5.5_3.0_950_238.csv,3,950,238,15.547681820641362,6113.146085037955,243.0,133,true,0.098999288,0.11273532400000001,0.10326751281632654,0.10012401500000001,25475904,232131
trig_8.5_6.0_8.0_1000_120.csv,3,1000,120,10.035426037195394,7536.907369626354,249.0,141,true,0.10815182300000001,0.12200858900000001,0.11290744900000001,0.110500897,27730176,250305
trig_8.5_9.5_4.5_600_144.csv,3,600,144,8.108121205439797,8793.502896490163,194.0,103,true,0.036338449,0.048731677,0.03836354779389313,0.036680029,12879280,117468
trig_8.5_9.5_8.5_900_63.csv,3,900,63,7.147888856148589,26805.83199137086,198.0,102,true,0.07407580600000001,0.086625665,0.07753103536923077,0.074971192,19937504,179273
trig_9.0_10.0_3.0_650_72.csv,3,650,72,6.626488316026375,18764.909706629445,187.0,100,true,0.041637889000000004,0.054353841,0.04397745704385965,0.042287979,13586848,122585
trig_9.0_1.0_7.5_600_60.csv,3,600,60,11.480118511007182,259.2199019830471,190.0,102,true,0.033338480000000004,0.045623184000000004,0.03525204378169015,0.033636912500000005,12746720,115045
trig_9.0_1.5_6.5_800_112.csv,3,800,112,253.95287405248564,200.77213193877438,1709.0,1000,false,0.49351514300000004,0.5103933740000001,0.5047263908,0.504109851,152107456,1375009
trig_9.0_2.0_9.0_100_11.csv,3,100,11,9.6154029218809e-6,5.316406318782675e-9,219.0,117,true,0.002354679,0.014464025,0.00272785511,0.0024180735000000004,2494304,23060
trig_9.0_2.5_5.5_850_196.csv,3,850,196,4.0407525343511e-6,8.621434706770253e-9,205.0,109,true,0.065507296,0.07988998900000001,0.06836391258108108,0.065836717,19275936,175361
trig_9.0_4.0_2.5_300_33.csv,3,300,33,7.445900303529578,8550.014719975303,223.0,119,true,0.01217697,0.024006071,0.013368672270053478,0.0123774355,7525072,68078
trig_9.0_4.0_3.5_850_60.csv,3,850,60,61.67433686457872,7932.7368663889665,292.0,159,true,0.09136741200000001,0.104871215,0.0960011206226415,0.092498488,27771520,249685
trig_9.0_4.5_7.0_400_76.csv,3,400,76,3.539576189031439,8168.116765070187,214.0,113,true,0.021193644,0.033548970000000004,0.02267094975565611,0.021420046,9535776,86755
trig_9.0_5.0_5.5_950_238.csv,3,950,238,3.623202688992907,14935.976468856557,276.0,147,true,0.11608860600000001,0.131687032,0.12098375145238097,0.11819098200000001,28935200,263615
trig_9.0_5.0_8.0_100_23.csv,3,100,23,10.331209179624487,1034.1614278495,232.0,128,true,0.0023204040000000003,0.013772303000000001,0.0027342314670000005,0.002403805,2623616,24437
trig_9.0_6.5_2.5_850_187.csv,3,850,187,5.449168583206305,15872.135259907778,241.0,127,true,0.086247903,0.10028081100000001,0.09019384660714286,0.08727875700000001,22675792,206114
trig_9.0_6.5_6.0_850_204.csv,3,850,204,5.090682964740416,13458.316495144687,207.0,112,true,0.075695548,0.088511845,0.07917137254687501,0.0769355325,19450688,177071
trig_9.0_6.5_8.5_600_30.csv,3,600,30,10.826013947510148,20267.03832997962,182.0,98,true,0.031283802,0.044158043,0.033137556576158946,0.031578180000000004,12256720,110196
trig_9.0_9.0_2.0_550_44.csv,3,550,44,7.070068530368031,17197.11181242739,184.0,94,true,0.029398172,0.043110434,0.031337305937500004,0.029861154,11343088,102194
trig_9.0_9.5_5.0_300_63.csv,3,300,63,4.342445852730508,2869.1676264442103,342.0,187,true,0.021120916,0.035048294,0.022972416068807344,0.021512235,11442096,104322
trig_9.5_1.5_4.0_200_12.csv,3,200,12,3.340102999516148e-6,2.548270320346757e-9,214.0,118,true,0.005852563000000001,0.016610222,0.006577038655263158,0.005982877500000001,4861200,43958
trig_9.5_2.0_6.0_600_138.csv,3,600,138,1.9955351470812843e-5,7.329316719363208e-9,213.0,112,true,0.035716955,0.049345198,0.03826696215267176,0.036494777,14151952,128914
trig_9.5_2.5_1.5_150_38.csv,3,150,38,8.863685962978707e-7,6.459209430480893e-9,229.0,122,true,0.00443649,0.016940602000000003,0.0050144628716148444,0.004539395,3856192,35543
trig_9.5_5.0_4.0_900_153.csv,3,900,153,7.394734056978833,14666.108789484691,246.0,134,true,0.084991536,0.09981063700000001,0.0890805993508772,0.08649552,24594560,222689
trig_9.5_6.5_6.5_100_10.csv,3,100,10,6.64105907804336,3232.336129373438,184.0,99,true,0.001877865,0.012594275,0.002226852733,0.0019704025,2095760,19380
trig_9.5_8.5_4.0_550_94.csv,3,550,94,7.8630409661309635,14843.377190075875,187.0,100,true,0.031766033,0.044085117,0.0335302414,0.032035626500000004,11444304,103868
trig_9.5_9.0_5.0_1000_140.csv,3,1000,140,5.007888361698932,10310.901093014572,240.0,131,true,0.10624407400000001,0.121748171,0.11030318360869566,0.107278359,26697632,241277
trig_9.5_9.0_8.0_250_52.csv,3,250,52,8.018132256974868,4263.373542656231,170.0,90,true,0.006416886,0.018121177000000002,0.0071727614734576756,0.006535781,4771216,43426
trig_9.5_9.5_8.0_350_60.csv,3,350,60,9.332534199496234,6003.571193746171,192.0,100,true,0.013264687,0.025866006,0.014482668936416185,0.013475418500000001,7510320,68214
